,Year,District.Code,District.Name,Neighborhood.Code,Neighborhood.Name,Gender,Number
0,2017,1,Ciutat Vella,1,el Raval,Male,3063
1,2017,1,Ciutat Vella,2,el Barri G√≤tic,Male,1499
2,2017,1,Ciutat Vella,3,la Barceloneta,Male,910
3,2017,1,Ciutat Vella,4,"Sant Pere, Santa Caterina i la Ribera",Male,1438
4,2017,2,Eixample,5,el Fort Pienc,Male,1082
5,2017,2,Eixample,6,la Sagrada Fam√≠lia,Male,1693
6,2017,2,Eixample,7,la Dreta de l'Eixample,Male,1543
7,2017,2,Eixample,8,l'Antiga Esquerra de l'Eixample,Male,1693
8,2017,2,Eixample,9,la Nova Esquerra de l'Eixample,Male,1927
9,2017,2,Eixample,10,Sant Antoni,Male,1253
10,2017,3,Sants-Montjuic,11,el Poble Sec,Male,1595
11,2017,3,Sants-Montjuic,12,la Marina del Prat Vermell,Male,17
12,2017,3,Sants-Montjuic,13,la Marina de Port,Male,724
13,2017,3,Sants-Montjuic,14,la Font de la Guatlla,Male,351
14,2017,3,Sants-Montjuic,15,Hostafrancs,Male,584
15,2017,3,Sants-Montjuic,16,la Bordeta,Male,471
16,2017,3,Sants-Montjuic,17,Sants - Badal,Male,703
17,2017,3,Sants-Montjuic,18,Sants,Male,1407
18,2017,4,Les Corts,19,les Corts,Male,1054
19,2017,4,Les Corts,20,la Maternitat i Sant Ramon,Male,608
20,2017,4,Les Corts,21,Pedralbes,Male,367
21,2017,5,Sarria-Sant Gervasi,22,"Vallvidrera, el Tibidabo i les Planes",Male,89
22,2017,5,Sarria-Sant Gervasi,23,Sarri√†,Male,606
23,2017,5,Sarria-Sant Gervasi,24,les Tres Torres,Male,337
24,2017,5,Sarria-Sant Gervasi,25,Sant Gervasi - la Bonanova,Male,531
25,2017,5,Sarria-Sant Gervasi,26,Sant Gervasi - Galvany,Male,1092
26,2017,5,Sarria-Sant Gervasi,27,el Putxet i el Farr√≥,Male,733
27,2017,6,Gracia,28,Vallcarca i els Penitents,Male,355
28,2017,6,Gracia,29,el Coll,Male,166
29,2017,6,Gracia,30,la Salut,Male,382
30,2017,6,Gracia,31,la Vila de Gracia,Male,1623
31,2017,6,Gracia,32,el Camp d'en Grassot i Gracia Nova,Male,833
32,2017,7,Horta-Guinardo,33,el Baix Guinard√≥,Male,620
33,2017,7,Horta-Guinardo,34,Can Bar√≥,Male,240
34,2017,7,Horta-Guinardo,35,el Guinard√≥,Male,874
35,2017,7,Horta-Guinardo,36,la Font d'en Fargues,Male,121
36,2017,7,Horta-Guinardo,37,el Carmel,Male,671
37,2017,7,Horta-Guinardo,38,la Teixonera,Male,246
38,2017,7,Horta-Guinardo,39,Sant Gen√≠s dels Agudells,Male,213
39,2017,7,Horta-Guinardo,40,Montbau,Male,129
40,2017,7,Horta-Guinardo,41,la Vall d'Hebron,Male,92
41,2017,7,Horta-Guinardo,42,la Clota,Male,18
42,2017,7,Horta-Guinardo,43,Horta,Male,521
43,2017,8,Nou Barris,44,Vilapicina i la Torre Llobeta,Male,509
44,2017,8,Nou Barris,45,Porta,Male,647
45,2017,8,Nou Barris,46,el Tur√≥ de la Peira,Male,409
46,2017,8,Nou Barris,47,Can Peguera,Male,26
47,2017,8,Nou Barris,48,la Guineueta,Male,218
48,2017,8,Nou Barris,49,Canyelles,Male,62
49,2017,8,Nou Barris,50,les Roquetes,Male,413
50,2017,8,Nou Barris,51,Verdun,Male,305
51,2017,8,Nou Barris,52,la Prosperitat,Male,571
52,2017,8,Nou Barris,53,la Trinitat Nova,Male,221
53,2017,8,Nou Barris,54,Torre Bar√≥,Male,53
54,2017,8,Nou Barris,55,Ciutat Meridiana,Male,409
55,2017,8,Nou Barris,56,Vallbona,Male,31
56,2017,9,Sant Andreu,57,la Trinitat Vella,Male,368
57,2017,9,Sant Andreu,58,Bar√≥ de Viver,Male,47
58,2017,9,Sant Andreu,59,el Bon Pastor,Male,307
59,2017,9,Sant Andreu,60,Sant Andreu,Male,939
60,2017,9,Sant Andreu,61,la Sagrera,Male,643
61,2017,9,Sant Andreu,62,el Congr√©s i els Indians,Male,297
62,2017,9,Sant Andreu,63,Navas,Male,501
63,2017,10,Sant Marti,64,el Camp de l'Arpa del Clot,Male,1075
64,2017,10,Sant Marti,65,el Clot,Male,651
65,2017,10,Sant Marti,66,el Parc i la Llacuna del Poblenou,Male,490
66,2017,10,Sant Marti,67,la Vila Ol√≠mpica del Poblenou,Male,190
67,2017,10,Sant Marti,68,el Poblenou,Male,874
68,2017,10,Sant Marti,69,Diagonal Mar i el Front Mar√≠tim del Poblenou,Male,379
69,2017,10,Sant Marti,70,el Bes√≤s i el Maresme,Male,1146
70,2017,10,Sant Marti,71,Proven√ßals del Poblenou,Male,469
71,2017,10,Sant Marti,72,Sant Marti de Proven√ßals,Male,536
72,2017,10,Sant Marti,73,la Verneda i la Pau,Male,602
73,2017,1,Ciutat Vella,1,el Raval,Female,2337
74,2017,1,Ciutat Vella,2,el Barri G√≤tic,Female,1188
75,2017,1,Ciutat Vella,3,la Barceloneta,Female,849
76,2017,1,Ciutat Vella,4,"Sant Pere, Santa Caterina i la Ribera",Female,1327
77,2017,2,Eixample,5,el Fort Pienc,Female,1155
78,2017,2,Eixample,6,la Sagrada Fam√≠lia,Female,1898
79,2017,2,Eixample,7,la Dreta de l'Eixample,Female,1657
80,2017,2,Eixample,8,l'Antiga Esquerra de l'Eixample,Female,1774
81,2017,2,Eixample,9,la Nova Esquerra de l'Eixample,Female,2135
82,2017,2,Eixample,10,Sant Antoni,Female,1237
83,2017,3,Sants-Montjuic,11,el Poble Sec,Female,1492
84,2017,3,Sants-Montjuic,12,la Marina del Prat Vermell,Female,15
85,2017,3,Sants-Montjuic,13,la Marina de Port,Female,775
86,2017,3,Sants-Montjuic,14,la Font de la Guatlla,Female,295
87,2017,3,Sants-Montjuic,15,Hostafrancs,Female,575
88,2017,3,Sants-Montjuic,16,la Bordeta,Female,474
89,2017,3,Sants-Montjuic,17,Sants - Badal,Female,773
90,2017,3,Sants-Montjuic,18,Sants,Female,1432
91,2017,4,Les Corts,19,les Corts,Female,1222
92,2017,4,Les Corts,20,la Maternitat i Sant Ramon,Female,727
93,2017,4,Les Corts,21,Pedralbes,Female,397
94,2017,5,Sarria-Sant Gervasi,22,"Vallvidrera, el Tibidabo i les Planes",Female,98
95,2017,5,Sarria-Sant Gervasi,23,Sarri√†,Female,602
96,2017,5,Sarria-Sant Gervasi,24,les Tres Torres,Female,365
97,2017,5,Sarria-Sant Gervasi,25,Sant Gervasi - la Bonanova,Female,650
98,2017,5,Sarria-Sant Gervasi,26,Sant Gervasi - Galvany,Female,1342
99,2017,5,Sarria-Sant Gervasi,27,el Putxet i el Farr√≥,Female,782
100,2017,6,Gracia,28,Vallcarca i els Penitents,Female,417
101,2017,6,Gracia,29,el Coll,Female,206
102,2017,6,Gracia,30,la Salut,Female,350
103,2017,6,Gracia,31,la Vila de Gracia,Female,1964
104,2017,6,Gracia,32,el Camp d'en Grassot i Gracia Nova,Female,958
105,2017,7,Horta-Guinardo,33,el Baix Guinard√≥,Female,665
106,2017,7,Horta-Guinardo,34,Can Bar√≥,Female,233
107,2017,7,Horta-Guinardo,35,el Guinard√≥,Female,963
108,2017,7,Horta-Guinardo,36,la Font d'en Fargues,Female,162
109,2017,7,Horta-Guinardo,37,el Carmel,Female,743
110,2017,7,Horta-Guinardo,38,la Teixonera,Female,266
111,2017,7,Horta-Guinardo,39,Sant Gen√≠s dels Agudells,Female,173
112,2017,7,Horta-Guinardo,40,Montbau,Female,127
113,2017,7,Horta-Guinardo,41,la Vall d'Hebron,Female,95
114,2017,7,Horta-Guinardo,42,la Clota,Female,21
115,2017,7,Horta-Guinardo,43,Horta,Female,606
116,2017,8,Nou Barris,44,Vilapicina i la Torre Llobeta,Female,547
117,2017,8,Nou Barris,45,Porta,Female,751
118,2017,8,Nou Barris,46,el Tur√≥ de la Peira,Female,469
119,2017,8,Nou Barris,47,Can Peguera,Female,31
120,2017,8,Nou Barris,48,la Guineueta,Female,275
121,2017,8,Nou Barris,49,Canyelles,Female,78
122,2017,8,Nou Barris,50,les Roquetes,Female,507
123,2017,8,Nou Barris,51,Verdun,Female,361
124,2017,8,Nou Barris,52,la Prosperitat,Female,635
125,2017,8,Nou Barris,53,la Trinitat Nova,Female,237
126,2017,8,Nou Barris,54,Torre Bar√≥,Female,42
127,2017,8,Nou Barris,55,Ciutat Meridiana,Female,429
128,2017,8,Nou Barris,56,Vallbona,Female,38
129,2017,9,Sant Andreu,57,la Trinitat Vella,Female,307
130,2017,9,Sant Andreu,58,Bar√≥ de Viver,Female,45
131,2017,9,Sant Andreu,59,el Bon Pastor,Female,351
132,2017,9,Sant Andreu,60,Sant Andreu,Female,1026
133,2017,9,Sant Andreu,61,la Sagrera,Female,711
134,2017,9,Sant Andreu,62,el Congr√©s i els Indians,Female,306
135,2017,9,Sant Andreu,63,Navas,Female,487
136,2017,10,Sant Marti,64,el Camp de l'Arpa del Clot,Female,1126
137,2017,10,Sant Marti,65,el Clot,Female,651
138,2017,10,Sant Marti,66,el Parc i la Llacuna del Poblenou,Female,469
139,2017,10,Sant Marti,67,la Vila Ol√≠mpica del Poblenou,Female,220
140,2017,10,Sant Marti,68,el Poblenou,Female,891
141,2017,10,Sant Marti,69,Diagonal Mar i el Front Mar√≠tim del Poblenou,Female,401
142,2017,10,Sant Marti,70,el Bes√≤s i el Maresme,Female,870
143,2017,10,Sant Marti,71,Proven√ßals del Poblenou,Female,505
144,2017,10,Sant Marti,72,Sant Marti de Proven√ßals,Female,537
145,2017,10,Sant Marti,73,la Verneda i la Pau,Female,638
146,2016,1,Ciutat Vella,1,el Raval,Male,2819
147,2016,1,Ciutat Vella,2,el Barri G√≤tic,Male,1135
148,2016,1,Ciutat Vella,3,la Barceloneta,Male,785
149,2016,1,Ciutat Vella,4,"Sant Pere, Santa Caterina i la Ribera",Male,1210
150,2016,2,Eixample,5,el Fort Pienc,Male,962
151,2016,2,Eixample,6,la Sagrada Fam√≠lia,Male,1472
152,2016,2,Eixample,7,la Dreta de l'Eixample,Male,1367
153,2016,2,Eixample,8,l'Antiga Esquerra de l'Eixample,Male,1412
154,2016,2,Eixample,9,la Nova Esquerra de l'Eixample,Male,1667
155,2016,2,Eixample,10,Sant Antoni,Male,1067
156,2016,3,Sants-Montjuic,11,el Poble Sec,Male,1439
157,2016,3,Sants-Montjuic,12,la Marina del Prat Vermell,Male,18
158,2016,3,Sants-Montjuic,13,la Marina de Port,Male,622
159,2016,3,Sants-Montjuic,14,la Font de la Guatlla,Male,302
160,2016,3,Sants-Montjuic,15,Hostafrancs,Male,518
161,2016,3,Sants-Montjuic,16,la Bordeta,Male,442
162,2016,3,Sants-Montjuic,17,Sants - Badal,Male,642
163,2016,3,Sants-Montjuic,18,Sants,Male,1121
164,2016,4,Les Corts,19,les Corts,Male,977
165,2016,4,Les Corts,20,la Maternitat i Sant Ramon,Male,588
166,2016,4,Les Corts,21,Pedralbes,Male,369
167,2016,5,Sarria-Sant Gervasi,22,"Vallvidrera, el Tibidabo i les Planes",Male,75
168,2016,5,Sarria-Sant Gervasi,23,Sarri√†,Male,542
169,2016,5,Sarria-Sant Gervasi,24,les Tres Torres,Male,264
170,2016,5,Sarria-Sant Gervasi,25,Sant Gervasi - la Bonanova,Male,526
171,2016,5,Sarria-Sant Gervasi,26,Sant Gervasi - Galvany,Male,1041
172,2016,5,Sarria-Sant Gervasi,27,el Putxet i el Farr√≥,Male,580
173,2016,6,Gracia,28,Vallcarca i els Penitents,Male,325
174,2016,6,Gracia,29,el Coll,Male,161
175,2016,6,Gracia,30,la Salut,Male,304
176,2016,6,Gracia,31,la Vila de Gracia,Male,1405
177,2016,6,Gracia,32,el Camp d'en Grassot i Gracia Nova,Male,702
178,2016,7,Horta-Guinardo,33,el Baix Guinard√≥,Male,510
179,2016,7,Horta-Guinardo,34,Can Bar√≥,Male,174
180,2016,7,Horta-Guinardo,35,el Guinard√≥,Male,774
181,2016,7,Horta-Guinardo,36,la Font d'en Fargues,Male,99
182,2016,7,Horta-Guinardo,37,el Carmel,Male,555
183,2016,7,Horta-Guinardo,38,la Teixonera,Male,268
184,2016,7,Horta-Guinardo,39,Sant Gen√≠s dels Agudells,Male,177
185,2016,7,Horta-Guinardo,40,Montbau,Male,97
186,2016,7,Horta-Guinardo,41,la Vall d'Hebron,Male,113
187,2016,7,Horta-Guinardo,42,la Clota,Male,8
188,2016,7,Horta-Guinardo,43,Horta,Male,463
189,2016,8,Nou Barris,44,Vilapicina i la Torre Llobeta,Male,447
190,2016,8,Nou Barris,45,Porta,Male,548
191,2016,8,Nou Barris,46,el Tur√≥ de la Peira,Male,336
192,2016,8,Nou Barris,47,Can Peguera,Male,31
193,2016,8,Nou Barris,48,la Guineueta,Male,204
194,2016,8,Nou Barris,49,Canyelles,Male,64
195,2016,8,Nou Barris,50,les Roquetes,Male,383
196,2016,8,Nou Barris,51,Verdun,Male,273
197,2016,8,Nou Barris,52,la Prosperitat,Male,475
198,2016,8,Nou Barris,53,la Trinitat Nova,Male,171
199,2016,8,Nou Barris,54,Torre Bar√≥,Male,55
200,2016,8,Nou Barris,55,Ciutat Meridiana,Male,316
201,2016,8,Nou Barris,56,Vallbona,Male,37
202,2016,9,Sant Andreu,57,la Trinitat Vella,Male,300
203,2016,9,Sant Andreu,58,Bar√≥ de Viver,Male,40
204,2016,9,Sant Andreu,59,el Bon Pastor,Male,251
205,2016,9,Sant Andreu,60,Sant Andreu,Male,854
206,2016,9,Sant Andreu,61,la Sagrera,Male,533
207,2016,9,Sant Andreu,62,el Congr√©s i els Indians,Male,251
208,2016,9,Sant Andreu,63,Navas,Male,443
209,2016,10,Sant Marti,64,el Camp de l'Arpa del Clot,Male,920
210,2016,10,Sant Marti,65,el Clot,Male,570
211,2016,10,Sant Marti,66,el Parc i la Llacuna del Poblenou,Male,450
212,2016,10,Sant Marti,67,la Vila Ol√≠mpica del Poblenou,Male,196
213,2016,10,Sant Marti,68,el Poblenou,Male,807
214,2016,10,Sant Marti,69,Diagonal Mar i el Front Mar√≠tim del Poblenou,Male,337
215,2016,10,Sant Marti,70,el Bes√≤s i el Maresme,Male,871
216,2016,10,Sant Marti,71,Proven√ßals del Poblenou,Male,398
217,2016,10,Sant Marti,72,Sant Marti de Proven√ßals,Male,502
218,2016,10,Sant Marti,73,la Verneda i la Pau,Male,506
219,2016,1,Ciutat Vella,1,el Raval,Female,2157
220,2016,1,Ciutat Vella,2,el Barri G√≤tic,Female,1063
221,2016,1,Ciutat Vella,3,la Barceloneta,Female,763
222,2016,1,Ciutat Vella,4,"Sant Pere, Santa Caterina i la Ribera",Female,1167
223,2016,2,Eixample,5,el Fort Pienc,Female,1032
224,2016,2,Eixample,6,la Sagrada Fam√≠lia,Female,1683
225,2016,2,Eixample,7,la Dreta de l'Eixample,Female,1576
226,2016,2,Eixample,8,l'Antiga Esquerra de l'Eixample,Female,1499
227,2016,2,Eixample,9,la Nova Esquerra de l'Eixample,Female,1819
228,2016,2,Eixample,10,Sant Antoni,Female,1079
229,2016,3,Sants-Montjuic,11,el Poble Sec,Female,1290
230,2016,3,Sants-Montjuic,12,la Marina del Prat Vermell,Female,17
231,2016,3,Sants-Montjuic,13,la Marina de Port,Female,679
232,2016,3,Sants-Montjuic,14,la Font de la Guatlla,Female,298
233,2016,3,Sants-Montjuic,15,Hostafrancs,Female,505
234,2016,3,Sants-Montjuic,16,la Bordeta,Female,445
235,2016,3,Sants-Montjuic,17,Sants - Badal,Female,724
236,2016,3,Sants-Montjuic,18,Sants,Female,1201
237,2016,4,Les Corts,19,les Corts,Female,1070
238,2016,4,Les Corts,20,la Maternitat i Sant Ramon,Female,622
239,2016,4,Les Corts,21,Pedralbes,Female,366
240,2016,5,Sarria-Sant Gervasi,22,"Vallvidrera, el Tibidabo i les Planes",Female,75
241,2016,5,Sarria-Sant Gervasi,23,Sarri√†,Female,589
242,2016,5,Sarria-Sant Gervasi,24,les Tres Torres,Female,348
243,2016,5,Sarria-Sant Gervasi,25,Sant Gervasi - la Bonanova,Female,597
244,2016,5,Sarria-Sant Gervasi,26,Sant Gervasi - Galvany,Female,1228
245,2016,5,Sarria-Sant Gervasi,27,el Putxet i el Farr√≥,Female,691
246,2016,6,Gracia,28,Vallcarca i els Penitents,Female,354
247,2016,6,Gracia,29,el Coll,Female,171
248,2016,6,Gracia,30,la Salut,Female,305
249,2016,6,Gracia,31,la Vila de Gracia,Female,1650
250,2016,6,Gracia,32,el Camp d'en Grassot i Gracia Nova,Female,803
251,2016,7,Horta-Guinardo,33,el Baix Guinard√≥,Female,550
252,2016,7,Horta-Guinardo,34,Can Bar√≥,Female,200
253,2016,7,Horta-Guinardo,35,el Guinard√≥,Female,852
254,2016,7,Horta-Guinardo,36,la Font d'en Fargues,Female,103
255,2016,7,Horta-Guinardo,37,el Carmel,Female,598
256,2016,7,Horta-Guinardo,38,la Teixonera,Female,268
257,2016,7,Horta-Guinardo,39,Sant Gen√≠s dels Agudells,Female,170
258,2016,7,Horta-Guinardo,40,Montbau,Female,134
259,2016,7,Horta-Guinardo,41,la Vall d'Hebron,Female,98
260,2016,7,Horta-Guinardo,42,la Clota,Female,15
261,2016,7,Horta-Guinardo,43,Horta,Female,506
262,2016,8,Nou Barris,44,Vilapicina i la Torre Llobeta,Female,509
263,2016,8,Nou Barris,45,Porta,Female,618
264,2016,8,Nou Barris,46,el Tur√≥ de la Peira,Female,381
265,2016,8,Nou Barris,47,Can Peguera,Female,37
266,2016,8,Nou Barris,48,la Guineueta,Female,260
267,2016,8,Nou Barris,49,Canyelles,Female,65
268,2016,8,Nou Barris,50,les Roquetes,Female,469
269,2016,8,Nou Barris,51,Verdun,Female,303
270,2016,8,Nou Barris,52,la Prosperitat,Female,624
271,2016,8,Nou Barris,53,la Trinitat Nova,Female,174
272,2016,8,Nou Barris,54,Torre Bar√≥,Female,70
273,2016,8,Nou Barris,55,Ciutat Meridiana,Female,310
274,2016,8,Nou Barris,56,Vallbona,Female,28
275,2016,9,Sant Andreu,57,la Trinitat Vella,Female,245
276,2016,9,Sant Andreu,58,Bar√≥ de Viver,Female,44
277,2016,9,Sant Andreu,59,el Bon Pastor,Female,233
278,2016,9,Sant Andreu,60,Sant Andreu,Female,896
279,2016,9,Sant Andreu,61,la Sagrera,Female,646
280,2016,9,Sant Andreu,62,el Congr√©s i els Indians,Female,299
281,2016,9,Sant Andreu,63,Navas,Female,470
282,2016,10,Sant Marti,64,el Camp de l'Arpa del Clot,Female,974
283,2016,10,Sant Marti,65,el Clot,Female,589
284,2016,10,Sant Marti,66,el Parc i la Llacuna del Poblenou,Female,406
285,2016,10,Sant Marti,67,la Vila Ol√≠mpica del Poblenou,Female,195
286,2016,10,Sant Marti,68,el Poblenou,Female,813
287,2016,10,Sant Marti,69,Diagonal Mar i el Front Mar√≠tim del Poblenou,Female,332
288,2016,10,Sant Marti,70,el Bes√≤s i el Maresme,Female,704
289,2016,10,Sant Marti,71,Proven√ßals del Poblenou,Female,407
290,2016,10,Sant Marti,72,Sant Marti de Proven√ßals,Female,535
291,2016,10,Sant Marti,73,la Verneda i la Pau,Female,501
292,2015,1,Ciutat Vella,1,el Raval,Male,3219
293,2015,1,Ciutat Vella,2,el Barri G√≤tic,Male,1164
294,2015,1,Ciutat Vella,3,la Barceloneta,Male,808
295,2015,1,Ciutat Vella,4,"Sant Pere, Santa Caterina i la Ribera",Male,1302
296,2015,2,Eixample,5,el Fort Pienc,Male,999
297,2015,2,Eixample,6,la Sagrada Fam√≠lia,Male,1544
298,2015,2,Eixample,7,la Dreta de l'Eixample,Male,1376
299,2015,2,Eixample,8,l'Antiga Esquerra de l'Eixample,Male,1443
300,2015,2,Eixample,9,la Nova Esquerra de l'Eixample,Male,1699
301,2015,2,Eixample,10,Sant Antoni,Male,1188
302,2015,3,Sants-Montjuic,11,el Poble Sec,Male,1573
303,2015,3,Sants-Montjuic,12,la Marina del Prat Vermell,Male,33
304,2015,3,Sants-Montjuic,13,la Marina de Port,Male,691
305,2015,3,Sants-Montjuic,14,la Font de la Guatlla,Male,372
306,2015,3,Sants-Montjuic,15,Hostafrancs,Male,605
307,2015,3,Sants-Montjuic,16,la Bordeta,Male,488
308,2015,3,Sants-Montjuic,17,Sants - Badal,Male,708
309,2015,3,Sants-Montjuic,18,Sants,Male,1224
310,2015,4,Les Corts,19,les Corts,Male,1022
311,2015,4,Les Corts,20,la Maternitat i Sant Ramon,Male,626
312,2015,4,Les Corts,21,Pedralbes,Male,392
313,2015,5,Sarria-Sant Gervasi,22,"Vallvidrera, el Tibidabo i les Planes",Male,110
314,2015,5,Sarria-Sant Gervasi,23,Sarri√†,Male,579
315,2015,5,Sarria-Sant Gervasi,24,les Tres Torres,Male,313
316,2015,5,Sarria-Sant Gervasi,25,Sant Gervasi - la Bonanova,Male,575
317,2015,5,Sarria-Sant Gervasi,26,Sant Gervasi - Galvany,Male,1032
318,2015,5,Sarria-Sant Gervasi,27,el Putxet i el Farr√≥,Male,679
319,2015,6,Gracia,28,Vallcarca i els Penitents,Male,312
320,2015,6,Gracia,29,el Coll,Male,177
321,2015,6,Gracia,30,la Salut,Male,268
322,2015,6,Gracia,31,la Vila de Gracia,Male,1607
323,2015,6,Gracia,32,el Camp d'en Grassot i Gracia Nova,Male,780
324,2015,7,Horta-Guinardo,33,el Baix Guinard√≥,Male,587
325,2015,7,Horta-Guinardo,34,Can Bar√≥,Male,205
326,2015,7,Horta-Guinardo,35,el Guinard√≥,Male,805
327,2015,7,Horta-Guinardo,36,la Font d'en Fargues,Male,125
328,2015,7,Horta-Guinardo,37,el Carmel,Male,564
329,2015,7,Horta-Guinardo,38,la Teixonera,Male,205
330,2015,7,Horta-Guinardo,39,Sant Gen√≠s dels Agudells,Male,135
331,2015,7,Horta-Guinardo,40,Montbau,Male,112
332,2015,7,Horta-Guinardo,41,la Vall d'Hebron,Male,99
333,2015,7,Horta-Guinardo,42,la Clota,Male,20
334,2015,7,Horta-Guinardo,43,Horta,Male,481
335,2015,8,Nou Barris,44,Vilapicina i la Torre Llobeta,Male,498
336,2015,8,Nou Barris,45,Porta,Male,510
337,2015,8,Nou Barris,46,el Tur√≥ de la Peira,Male,382
338,2015,8,Nou Barris,47,Can Peguera,Male,17
339,2015,8,Nou Barris,48,la Guineueta,Male,203
340,2015,8,Nou Barris,49,Canyelles,Male,77
341,2015,8,Nou Barris,50,les Roquetes,Male,409
342,2015,8,Nou Barris,51,Verdun,Male,278
343,2015,8,Nou Barris,52,la Prosperitat,Male,497
344,2015,8,Nou Barris,53,la Trinitat Nova,Male,189
345,2015,8,Nou Barris,54,Torre Bar√≥,Male,70
346,2015,8,Nou Barris,55,Ciutat Meridiana,Male,303
347,2015,8,Nou Barris,56,Vallbona,Male,37
348,2015,9,Sant Andreu,57,la Trinitat Vella,Male,407
349,2015,9,Sant Andreu,58,Bar√≥ de Viver,Male,61
350,2015,9,Sant Andreu,59,el Bon Pastor,Male,310
351,2015,9,Sant Andreu,60,Sant Andreu,Male,898
352,2015,9,Sant Andreu,61,la Sagrera,Male,548
353,2015,9,Sant Andreu,62,el Congr√©s i els Indians,Male,272
354,2015,9,Sant Andreu,63,Navas,Male,470
355,2015,10,Sant Marti,64,el Camp de l'Arpa del Clot,Male,935
356,2015,10,Sant Marti,65,el Clot,Male,612
357,2015,10,Sant Marti,66,el Parc i la Llacuna del Poblenou,Male,442
358,2015,10,Sant Marti,67,la Vila Ol√≠mpica del Poblenou,Male,243
359,2015,10,Sant Marti,68,el Poblenou,Male,800
360,2015,10,Sant Marti,69,Diagonal Mar i el Front Mar√≠tim del Poblenou,Male,348
361,2015,10,Sant Marti,70,el Bes√≤s i el Maresme,Male,921
362,2015,10,Sant Marti,71,Proven√ßals del Poblenou,Male,474
363,2015,10,Sant Marti,72,Sant Marti de Proven√ßals,Male,496
364,2015,10,Sant Marti,73,la Verneda i la Pau,Male,529
365,2015,1,Ciutat Vella,1,el Raval,Female,2118
366,2015,1,Ciutat Vella,2,el Barri G√≤tic,Female,1038
367,2015,1,Ciutat Vella,3,la Barceloneta,Female,746
368,2015,1,Ciutat Vella,4,"Sant Pere, Santa Caterina i la Ribera",Female,1250
369,2015,2,Eixample,5,el Fort Pienc,Female,1005
370,2015,2,Eixample,6,la Sagrada Fam√≠lia,Female,1722
371,2015,2,Eixample,7,la Dreta de l'Eixample,Female,1597
372,2015,2,Eixample,8,l'Antiga Esquerra de l'Eixample,Female,1493
373,2015,2,Eixample,9,la Nova Esquerra de l'Eixample,Female,1844
374,2015,2,Eixample,10,Sant Antoni,Female,1108
375,2015,3,Sants-Montjuic,11,el Poble Sec,Female,1321
376,2015,3,Sants-Montjuic,12,la Marina del Prat Vermell,Female,28
377,2015,3,Sants-Montjuic,13,la Marina de Port,Female,674
378,2015,3,Sants-Montjuic,14,la Font de la Guatlla,Female,390
379,2015,3,Sants-Montjuic,15,Hostafrancs,Female,569
380,2015,3,Sants-Montjuic,16,la Bordeta,Female,451
381,2015,3,Sants-Montjuic,17,Sants - Badal,Female,767
382,2015,3,Sants-Montjuic,18,Sants,Female,1285
383,2015,4,Les Corts,19,les Corts,Female,1099
384,2015,4,Les Corts,20,la Maternitat i Sant Ramon,Female,714
385,2015,4,Les Corts,21,Pedralbes,Female,350
386,2015,5,Sarria-Sant Gervasi,22,"Vallvidrera, el Tibidabo i les Planes",Female,121
387,2015,5,Sarria-Sant Gervasi,23,Sarri√†,Female,608
388,2015,5,Sarria-Sant Gervasi,24,les Tres Torres,Female,396
389,2015,5,Sarria-Sant Gervasi,25,Sant Gervasi - la Bonanova,Female,642
390,2015,5,Sarria-Sant Gervasi,26,Sant Gervasi - Galvany,Female,1236
391,2015,5,Sarria-Sant Gervasi,27,el Putxet i el Farr√≥,Female,780
392,2015,6,Gracia,28,Vallcarca i els Penitents,Female,351
393,2015,6,Gracia,29,el Coll,Female,195
394,2015,6,Gracia,30,la Salut,Female,286
395,2015,6,Gracia,31,la Vila de Gracia,Female,1895
396,2015,6,Gracia,32,el Camp d'en Grassot i Gracia Nova,Female,863
397,2015,7,Horta-Guinardo,33,el Baix Guinard√≥,Female,618
398,2015,7,Horta-Guinardo,34,Can Bar√≥,Female,197
399,2015,7,Horta-Guinardo,35,el Guinard√≥,Female,858
400,2015,7,Horta-Guinardo,36,la Font d'en Fargues,Female,105
401,2015,7,Horta-Guinardo,37,el Carmel,Female,601
402,2015,7,Horta-Guinardo,38,la Teixonera,Female,215
403,2015,7,Horta-Guinardo,39,Sant Gen√≠s dels Agudells,Female,136
404,2015,7,Horta-Guinardo,40,Montbau,Female,110
405,2015,7,Horta-Guinardo,41,la Vall d'Hebron,Female,85
406,2015,7,Horta-Guinardo,42,la Clota,Female,8
407,2015,7,Horta-Guinardo,43,Horta,Female,507
408,2015,8,Nou Barris,44,Vilapicina i la Torre Llobeta,Female,507
409,2015,8,Nou Barris,45,Porta,Female,494
410,2015,8,Nou Barris,46,el Tur√≥ de la Peira,Female,378
411,2015,8,Nou Barris,47,Can Peguera,Female,24
412,2015,8,Nou Barris,48,la Guineueta,Female,232
413,2015,8,Nou Barris,49,Canyelles,Female,85
414,2015,8,Nou Barris,50,les Roquetes,Female,433
415,2015,8,Nou Barris,51,Verdun,Female,316
416,2015,8,Nou Barris,52,la Prosperitat,Female,564
417,2015,8,Nou Barris,53,la Trinitat Nova,Female,191
418,2015,8,Nou Barris,54,Torre Bar√≥,Female,71
419,2015,8,Nou Barris,55,Ciutat Meridiana,Female,297
420,2015,8,Nou Barris,56,Vallbona,Female,36
421,2015,9,Sant Andreu,57,la Trinitat Vella,Female,287
422,2015,9,Sant Andreu,58,Bar√≥ de Viver,Female,49
423,2015,9,Sant Andreu,59,el Bon Pastor,Female,269
424,2015,9,Sant Andreu,60,Sant Andreu,Female,913
425,2015,9,Sant Andreu,61,la Sagrera,Female,628
426,2015,9,Sant Andreu,62,el Congr√©s i els Indians,Female,295
427,2015,9,Sant Andreu,63,Navas,Female,462
428,2015,10,Sant Marti,64,el Camp de l'Arpa del Clot,Female,1013
429,2015,10,Sant Marti,65,el Clot,Female,603
430,2015,10,Sant Marti,66,el Parc i la Llacuna del Poblenou,Female,449
431,2015,10,Sant Marti,67,la Vila Ol√≠mpica del Poblenou,Female,241
432,2015,10,Sant Marti,68,el Poblenou,Female,804
433,2015,10,Sant Marti,69,Diagonal Mar i el Front Mar√≠tim del Poblenou,Female,325
434,2015,10,Sant Marti,70,el Bes√≤s i el Maresme,Female,652
435,2015,10,Sant Marti,71,Proven√ßals del Poblenou,Female,467
436,2015,10,Sant Marti,72,Sant Marti de Proven√ßals,Female,463
437,2015,10,Sant Marti,73,la Verneda i la Pau,Female,564
438,2014,1,Ciutat Vella,1,el Raval,Male,2810
439,2014,1,Ciutat Vella,2,el Barri G√≤tic,Male,947
440,2014,1,Ciutat Vella,3,la Barceloneta,Male,704
441,2014,1,Ciutat Vella,4,"Sant Pere, Santa Caterina i la Ribera",Male,1175
442,2014,2,Eixample,5,el Fort Pienc,Male,916
443,2014,2,Eixample,6,la Sagrada Fam√≠lia,Male,1357
444,2014,2,Eixample,7,la Dreta de l'Eixample,Male,1319
445,2014,2,Eixample,8,l'Antiga Esquerra de l'Eixample,Male,1303
446,2014,2,Eixample,9,la Nova Esquerra de l'Eixample,Male,1594
447,2014,2,Eixample,10,Sant Antoni,Male,1137
448,2014,3,Sants-Montjuic,11,el Poble Sec,Male,1467
449,2014,3,Sants-Montjuic,12,la Marina del Prat Vermell,Male,20
450,2014,3,Sants-Montjuic,13,la Marina de Port,Male,710
451,2014,3,Sants-Montjuic,14,la Font de la Guatlla,Male,293
452,2014,3,Sants-Montjuic,15,Hostafrancs,Male,544
453,2014,3,Sants-Montjuic,16,la Bordeta,Male,455
454,2014,3,Sants-Montjuic,17,Sants - Badal,Male,703
455,2014,3,Sants-Montjuic,18,Sants,Male,1222
456,2014,4,Les Corts,19,les Corts,Male,922
457,2014,4,Les Corts,20,la Maternitat i Sant Ramon,Male,682
458,2014,4,Les Corts,21,Pedralbes,Male,349
459,2014,5,Sarria-Sant Gervasi,22,"Vallvidrera, el Tibidabo i les Planes",Male,93
460,2014,5,Sarria-Sant Gervasi,23,Sarri√†,Male,510
461,2014,5,Sarria-Sant Gervasi,24,les Tres Torres,Male,369
462,2014,5,Sarria-Sant Gervasi,25,Sant Gervasi - la Bonanova,Male,553
463,2014,5,Sarria-Sant Gervasi,26,Sant Gervasi - Galvany,Male,980
464,2014,5,Sarria-Sant Gervasi,27,el Putxet i el Farr√≥,Male,693
465,2014,6,Gracia,28,Vallcarca i els Penitents,Male,308
466,2014,6,Gracia,29,el Coll,Male,166
467,2014,6,Gracia,30,la Salut,Male,292
468,2014,6,Gracia,31,la Vila de Gracia,Male,1511
469,2014,6,Gracia,32,el Camp d'en Grassot i Gracia Nova,Male,730
470,2014,7,Horta-Guinardo,33,el Baix Guinard√≥,Male,539
471,2014,7,Horta-Guinardo,34,Can Bar√≥,Male,163
472,2014,7,Horta-Guinardo,35,el Guinard√≥,Male,682
473,2014,7,Horta-Guinardo,36,la Font d'en Fargues,Male,106
474,2014,7,Horta-Guinardo,37,el Carmel,Male,524
475,2014,7,Horta-Guinardo,38,la Teixonera,Male,208
476,2014,7,Horta-Guinardo,39,Sant Gen√≠s dels Agudells,Male,109
477,2014,7,Horta-Guinardo,40,Montbau,Male,83
478,2014,7,Horta-Guinardo,41,la Vall d'Hebron,Male,95
479,2014,7,Horta-Guinardo,42,la Clota,Male,9
480,2014,7,Horta-Guinardo,43,Horta,Male,467
481,2014,8,Nou Barris,44,Vilapicina i la Torre Llobeta,Male,473
482,2014,8,Nou Barris,45,Porta,Male,488
483,2014,8,Nou Barris,46,el Tur√≥ de la Peira,Male,328
484,2014,8,Nou Barris,47,Can Peguera,Male,22
485,2014,8,Nou Barris,48,la Guineueta,Male,186
486,2014,8,Nou Barris,49,Canyelles,Male,75
487,2014,8,Nou Barris,50,les Roquetes,Male,380
488,2014,8,Nou Barris,51,Verdun,Male,275
489,2014,8,Nou Barris,52,la Prosperitat,Male,431
490,2014,8,Nou Barris,53,la Trinitat Nova,Male,184
491,2014,8,Nou Barris,54,Torre Bar√≥,Male,78
492,2014,8,Nou Barris,55,Ciutat Meridiana,Male,356
493,2014,8,Nou Barris,56,Vallbona,Male,29
494,2014,9,Sant Andreu,57,la Trinitat Vella,Male,387
495,2014,9,Sant Andreu,58,Bar√≥ de Viver,Male,57
496,2014,9,Sant Andreu,59,el Bon Pastor,Male,320
497,2014,9,Sant Andreu,60,Sant Andreu,Male,832
498,2014,9,Sant Andreu,61,la Sagrera,Male,594
499,2014,9,Sant Andreu,62,el Congr√©s i els Indians,Male,272
500,2014,9,Sant Andreu,63,Navas,Male,429
501,2014,10,Sant Marti,64,el Camp de l'Arpa del Clot,Male,888
502,2014,10,Sant Marti,65,el Clot,Male,579
503,2014,10,Sant Marti,66,el Parc i la Llacuna del Poblenou,Male,424
504,2014,10,Sant Marti,67,la Vila Ol√≠mpica del Poblenou,Male,176
505,2014,10,Sant Marti,68,el Poblenou,Male,847
506,2014,10,Sant Marti,69,Diagonal Mar i el Front Mar√≠tim del Poblenou,Male,307
507,2014,10,Sant Marti,70,el Bes√≤s i el Maresme,Male,964
508,2014,10,Sant Marti,71,Proven√ßals del Poblenou,Male,432
509,2014,10,Sant Marti,72,Sant Marti de Proven√ßals,Male,468
510,2014,10,Sant Marti,73,la Verneda i la Pau,Male,534
511,2014,1,Ciutat Vella,1,el Raval,Female,1877
512,2014,1,Ciutat Vella,2,el Barri G√≤tic,Female,791
513,2014,1,Ciutat Vella,3,la Barceloneta,Female,618
514,2014,1,Ciutat Vella,4,"Sant Pere, Santa Caterina i la Ribera",Female,1041
515,2014,2,Eixample,5,el Fort Pienc,Female,907
516,2014,2,Eixample,6,la Sagrada Fam√≠lia,Female,1519
517,2014,2,Eixample,7,la Dreta de l'Eixample,Female,1481
518,2014,2,Eixample,8,l'Antiga Esquerra de l'Eixample,Female,1375
519,2014,2,Eixample,9,la Nova Esquerra de l'Eixample,Female,1709
520,2014,2,Eixample,10,Sant Antoni,Female,1051
521,2014,3,Sants-Montjuic,11,el Poble Sec,Female,1199
522,2014,3,Sants-Montjuic,12,la Marina del Prat Vermell,Female,17
523,2014,3,Sants-Montjuic,13,la Marina de Port,Female,628
524,2014,3,Sants-Montjuic,14,la Font de la Guatlla,Female,280
525,2014,3,Sants-Montjuic,15,Hostafrancs,Female,535
526,2014,3,Sants-Montjuic,16,la Bordeta,Female,433
527,2014,3,Sants-Montjuic,17,Sants - Badal,Female,688
528,2014,3,Sants-Montjuic,18,Sants,Female,1203
529,2014,4,Les Corts,19,les Corts,Female,1054
530,2014,4,Les Corts,20,la Maternitat i Sant Ramon,Female,696
531,2014,4,Les Corts,21,Pedralbes,Female,328
532,2014,5,Sarria-Sant Gervasi,22,"Vallvidrera, el Tibidabo i les Planes",Female,110
533,2014,5,Sarria-Sant Gervasi,23,Sarri√†,Female,558
534,2014,5,Sarria-Sant Gervasi,24,les Tres Torres,Female,402
535,2014,5,Sarria-Sant Gervasi,25,Sant Gervasi - la Bonanova,Female,565
536,2014,5,Sarria-Sant Gervasi,26,Sant Gervasi - Galvany,Female,1129
537,2014,5,Sarria-Sant Gervasi,27,el Putxet i el Farr√≥,Female,710
538,2014,6,Gracia,28,Vallcarca i els Penitents,Female,328
539,2014,6,Gracia,29,el Coll,Female,186
540,2014,6,Gracia,30,la Salut,Female,302
541,2014,6,Gracia,31,la Vila de Gracia,Female,1666
542,2014,6,Gracia,32,el Camp d'en Grassot i Gracia Nova,Female,740
543,2014,7,Horta-Guinardo,33,el Baix Guinard√≥,Female,508
544,2014,7,Horta-Guinardo,34,Can Bar√≥,Female,181
545,2014,7,Horta-Guinardo,35,el Guinard√≥,Female,730
546,2014,7,Horta-Guinardo,36,la Font d'en Fargues,Female,112
547,2014,7,Horta-Guinardo,37,el Carmel,Female,523
548,2014,7,Horta-Guinardo,38,la Teixonera,Female,216
549,2014,7,Horta-Guinardo,39,Sant Gen√≠s dels Agudells,Female,113
550,2014,7,Horta-Guinardo,40,Montbau,Female,98
551,2014,7,Horta-Guinardo,41,la Vall d'Hebron,Female,83
552,2014,7,Horta-Guinardo,42,la Clota,Female,5
553,2014,7,Horta-Guinardo,43,Horta,Female,487
554,2014,8,Nou Barris,44,Vilapicina i la Torre Llobeta,Female,486
555,2014,8,Nou Barris,45,Porta,Female,478
556,2014,8,Nou Barris,46,el Tur√≥ de la Peira,Female,383
557,2014,8,Nou Barris,47,Can Peguera,Female,23
558,2014,8,Nou Barris,48,la Guineueta,Female,237
559,2014,8,Nou Barris,49,Canyelles,Female,70
560,2014,8,Nou Barris,50,les Roquetes,Female,422
561,2014,8,Nou Barris,51,Verdun,Female,320
562,2014,8,Nou Barris,52,la Prosperitat,Female,459
563,2014,8,Nou Barris,53,la Trinitat Nova,Female,148
564,2014,8,Nou Barris,54,Torre Bar√≥,Female,57
565,2014,8,Nou Barris,55,Ciutat Meridiana,Female,326
566,2014,8,Nou Barris,56,Vallbona,Female,35
567,2014,9,Sant Andreu,57,la Trinitat Vella,Female,262
568,2014,9,Sant Andreu,58,Bar√≥ de Viver,Female,56
569,2014,9,Sant Andreu,59,el Bon Pastor,Female,252
570,2014,9,Sant Andreu,60,Sant Andreu,Female,892
571,2014,9,Sant Andreu,61,la Sagrera,Female,663
572,2014,9,Sant Andreu,62,el Congr√©s i els Indians,Female,299
573,2014,9,Sant Andreu,63,Navas,Female,460
574,2014,10,Sant Marti,64,el Camp de l'Arpa del Clot,Female,956
575,2014,10,Sant Marti,65,el Clot,Female,584
576,2014,10,Sant Marti,66,el Parc i la Llacuna del Poblenou,Female,372
577,2014,10,Sant Marti,67,la Vila Ol√≠mpica del Poblenou,Female,190
578,2014,10,Sant Marti,68,el Poblenou,Female,730
579,2014,10,Sant Marti,69,Diagonal Mar i el Front Mar√≠tim del Poblenou,Female,302
580,2014,10,Sant Marti,70,el Bes√≤s i el Maresme,Female,648
581,2014,10,Sant Marti,71,Proven√ßals del Poblenou,Female,410
582,2014,10,Sant Marti,72,Sant Marti de Proven√ßals,Female,496
583,2014,10,Sant Marti,73,la Verneda i la Pau,Female,562
584,2013,1,Ciutat Vella,1,el Raval,Male,2817
585,2013,1,Ciutat Vella,2,el Barri G√≤tic,Male,921
586,2013,1,Ciutat Vella,3,la Barceloneta,Male,665
587,2013,1,Ciutat Vella,4,"Sant Pere, Santa Caterina i la Ribera",Male,943
588,2013,2,Eixample,5,el Fort Pienc,Male,782
589,2013,2,Eixample,6,la Sagrada Fam√≠lia,Male,1173
590,2013,2,Eixample,7,la Dreta de l'Eixample,Male,1103
591,2013,2,Eixample,8,l'Antiga Esquerra de l'Eixample,Male,1200
592,2013,2,Eixample,9,la Nova Esquerra de l'Eixample,Male,1477
593,2013,2,Eixample,10,Sant Antoni,Male,1002
594,2013,3,Sants-Montjuic,11,el Poble Sec,Male,1361
595,2013,3,Sants-Montjuic,12,la Marina del Prat Vermell,Male,20
596,2013,3,Sants-Montjuic,13,la Marina de Port,Male,614
597,2013,3,Sants-Montjuic,14,la Font de la Guatlla,Male,302
598,2013,3,Sants-Montjuic,15,Hostafrancs,Male,499
599,2013,3,Sants-Montjuic,16,la Bordeta,Male,437
600,2013,3,Sants-Montjuic,17,Sants - Badal,Male,686
601,2013,3,Sants-Montjuic,18,Sants,Male,1145
602,2013,4,Les Corts,19,les Corts,Male,942
603,2013,4,Les Corts,20,la Maternitat i Sant Ramon,Male,540
604,2013,4,Les Corts,21,Pedralbes,Male,316
605,2013,5,Sarria-Sant Gervasi,22,"Vallvidrera, el Tibidabo i les Planes",Male,74
606,2013,5,Sarria-Sant Gervasi,23,Sarri√†,Male,468
607,2013,5,Sarria-Sant Gervasi,24,les Tres Torres,Male,374
608,2013,5,Sarria-Sant Gervasi,25,Sant Gervasi - la Bonanova,Male,474
609,2013,5,Sarria-Sant Gervasi,26,Sant Gervasi - Galvany,Male,828
610,2013,5,Sarria-Sant Gervasi,27,el Putxet i el Farr√≥,Male,537
611,2013,6,Gracia,28,Vallcarca i els Penitents,Male,287
612,2013,6,Gracia,29,el Coll,Male,140
613,2013,6,Gracia,30,la Salut,Male,239
614,2013,6,Gracia,31,la Vila de Gracia,Male,1324
615,2013,6,Gracia,32,el Camp d'en Grassot i Gracia Nova,Male,622
616,2013,7,Horta-Guinardo,33,el Baix Guinard√≥,Male,476
617,2013,7,Horta-Guinardo,34,Can Bar√≥,Male,165
618,2013,7,Horta-Guinardo,35,el Guinard√≥,Male,618
619,2013,7,Horta-Guinardo,36,la Font d'en Fargues,Male,102
620,2013,7,Horta-Guinardo,37,el Carmel,Male,574
621,2013,7,Horta-Guinardo,38,la Teixonera,Male,195
622,2013,7,Horta-Guinardo,39,Sant Gen√≠s dels Agudells,Male,120
623,2013,7,Horta-Guinardo,40,Montbau,Male,99
624,2013,7,Horta-Guinardo,41,la Vall d'Hebron,Male,88
625,2013,7,Horta-Guinardo,42,la Clota,Male,12
626,2013,7,Horta-Guinardo,43,Horta,Male,468
627,2013,8,Nou Barris,44,Vilapicina i la Torre Llobeta,Male,438
628,2013,8,Nou Barris,45,Porta,Male,443
629,2013,8,Nou Barris,46,el Tur√≥ de la Peira,Male,351
630,2013,8,Nou Barris,47,Can Peguera,Male,49
631,2013,8,Nou Barris,48,la Guineueta,Male,177
632,2013,8,Nou Barris,49,Canyelles,Male,82
633,2013,8,Nou Barris,50,les Roquetes,Male,376
634,2013,8,Nou Barris,51,Verdun,Male,249
635,2013,8,Nou Barris,52,la Prosperitat,Male,458
636,2013,8,Nou Barris,53,la Trinitat Nova,Male,162
637,2013,8,Nou Barris,54,Torre Bar√≥,Male,68
638,2013,8,Nou Barris,55,Ciutat Meridiana,Male,389
639,2013,8,Nou Barris,56,Vallbona,Male,21
640,2013,9,Sant Andreu,57,la Trinitat Vella,Male,387
641,2013,9,Sant Andreu,58,Bar√≥ de Viver,Male,84
642,2013,9,Sant Andreu,59,el Bon Pastor,Male,289
643,2013,9,Sant Andreu,60,Sant Andreu,Male,770
644,2013,9,Sant Andreu,61,la Sagrera,Male,550
645,2013,9,Sant Andreu,62,el Congr√©s i els Indians,Male,239
646,2013,9,Sant Andreu,63,Navas,Male,361
647,2013,10,Sant Marti,64,el Camp de l'Arpa del Clot,Male,829
648,2013,10,Sant Marti,65,el Clot,Male,542
649,2013,10,Sant Marti,66,el Parc i la Llacuna del Poblenou,Male,435
650,2013,10,Sant Marti,67,la Vila Ol√≠mpica del Poblenou,Male,175
651,2013,10,Sant Marti,68,el Poblenou,Male,718
652,2013,10,Sant Marti,69,Diagonal Mar i el Front Mar√≠tim del Poblenou,Male,273
653,2013,10,Sant Marti,70,el Bes√≤s i el Maresme,Male,894
654,2013,10,Sant Marti,71,Proven√ßals del Poblenou,Male,370
655,2013,10,Sant Marti,72,Sant Marti de Proven√ßals,Male,464
656,2013,10,Sant Marti,73,la Verneda i la Pau,Male,475
657,2013,1,Ciutat Vella,1,el Raval,Female,1716
658,2013,1,Ciutat Vella,2,el Barri G√≤tic,Female,751
659,2013,1,Ciutat Vella,3,la Barceloneta,Female,540
660,2013,1,Ciutat Vella,4,"Sant Pere, Santa Caterina i la Ribera",Female,882
661,2013,2,Eixample,5,el Fort Pienc,Female,815
662,2013,2,Eixample,6,la Sagrada Fam√≠lia,Female,1359
663,2013,2,Eixample,7,la Dreta de l'Eixample,Female,1240
664,2013,2,Eixample,8,l'Antiga Esquerra de l'Eixample,Female,1272
665,2013,2,Eixample,9,la Nova Esquerra de l'Eixample,Female,1520
666,2013,2,Eixample,10,Sant Antoni,Female,997
667,2013,3,Sants-Montjuic,11,el Poble Sec,Female,1097
668,2013,3,Sants-Montjuic,12,la Marina del Prat Vermell,Female,17
669,2013,3,Sants-Montjuic,13,la Marina de Port,Female,600
670,2013,3,Sants-Montjuic,14,la Font de la Guatlla,Female,297
671,2013,3,Sants-Montjuic,15,Hostafrancs,Female,466
672,2013,3,Sants-Montjuic,16,la Bordeta,Female,423
673,2013,3,Sants-Montjuic,17,Sants - Badal,Female,715
674,2013,3,Sants-Montjuic,18,Sants,Female,1084
675,2013,4,Les Corts,19,les Corts,Female,973
676,2013,4,Les Corts,20,la Maternitat i Sant Ramon,Female,605
677,2013,4,Les Corts,21,Pedralbes,Female,309
678,2013,5,Sarria-Sant Gervasi,22,"Vallvidrera, el Tibidabo i les Planes",Female,79
679,2013,5,Sarria-Sant Gervasi,23,Sarri√†,Female,527
680,2013,5,Sarria-Sant Gervasi,24,les Tres Torres,Female,370
681,2013,5,Sarria-Sant Gervasi,25,Sant Gervasi - la Bonanova,Female,547
682,2013,5,Sarria-Sant Gervasi,26,Sant Gervasi - Galvany,Female,961
683,2013,5,Sarria-Sant Gervasi,27,el Putxet i el Farr√≥,Female,644
684,2013,6,Gracia,28,Vallcarca i els Penitents,Female,304
685,2013,6,Gracia,29,el Coll,Female,159
686,2013,6,Gracia,30,la Salut,Female,283
687,2013,6,Gracia,31,la Vila de Gracia,Female,1527
688,2013,6,Gracia,32,el Camp d'en Grassot i Gracia Nova,Female,710
689,2013,7,Horta-Guinardo,33,el Baix Guinard√≥,Female,519
690,2013,7,Horta-Guinardo,34,Can Bar√≥,Female,175
691,2013,7,Horta-Guinardo,35,el Guinard√≥,Female,706
692,2013,7,Horta-Guinardo,36,la Font d'en Fargues,Female,105
693,2013,7,Horta-Guinardo,37,el Carmel,Female,535
694,2013,7,Horta-Guinardo,38,la Teixonera,Female,203
695,2013,7,Horta-Guinardo,39,Sant Gen√≠s dels Agudells,Female,161
696,2013,7,Horta-Guinardo,40,Montbau,Female,130
697,2013,7,Horta-Guinardo,41,la Vall d'Hebron,Female,86
698,2013,7,Horta-Guinardo,42,la Clota,Female,7
699,2013,7,Horta-Guinardo,43,Horta,Female,462
700,2013,8,Nou Barris,44,Vilapicina i la Torre Llobeta,Female,421
701,2013,8,Nou Barris,45,Porta,Female,464
702,2013,8,Nou Barris,46,el Tur√≥ de la Peira,Female,381
703,2013,8,Nou Barris,47,Can Peguera,Female,39
704,2013,8,Nou Barris,48,la Guineueta,Female,217
705,2013,8,Nou Barris,49,Canyelles,Female,68
706,2013,8,Nou Barris,50,les Roquetes,Female,338
707,2013,8,Nou Barris,51,Verdun,Female,285
708,2013,8,Nou Barris,52,la Prosperitat,Female,469
709,2013,8,Nou Barris,53,la Trinitat Nova,Female,164
710,2013,8,Nou Barris,54,Torre Bar√≥,Female,64
711,2013,8,Nou Barris,55,Ciutat Meridiana,Female,326
712,2013,8,Nou Barris,56,Vallbona,Female,32
713,2013,9,Sant Andreu,57,la Trinitat Vella,Female,290
714,2013,9,Sant Andreu,58,Bar√≥ de Viver,Female,77
715,2013,9,Sant Andreu,59,el Bon Pastor,Female,237
716,2013,9,Sant Andreu,60,Sant Andreu,Female,830
717,2013,9,Sant Andreu,61,la Sagrera,Female,545
718,2013,9,Sant Andreu,62,el Congr√©s i els Indians,Female,258
719,2013,9,Sant Andreu,63,Navas,Female,407
720,2013,10,Sant Marti,64,el Camp de l'Arpa del Clot,Female,856
721,2013,10,Sant Marti,65,el Clot,Female,539
722,2013,10,Sant Marti,66,el Parc i la Llacuna del Poblenou,Female,404
723,2013,10,Sant Marti,67,la Vila Ol√≠mpica del Poblenou,Female,189
724,2013,10,Sant Marti,68,el Poblenou,Female,691
725,2013,10,Sant Marti,69,Diagonal Mar i el Front Mar√≠tim del Poblenou,Female,261
726,2013,10,Sant Marti,70,el Bes√≤s i el Maresme,Female,568
727,2013,10,Sant Marti,71,Proven√ßals del Poblenou,Female,360
728,2013,10,Sant Marti,72,Sant Marti de Proven√ßals,Female,446
729,2013,10,Sant Marti,73,la Verneda i la Pau,Female,505
